Minecraft,tile.*,0,Stone,net.minecraft.item.ItemBlock,This is a crazy test !
Minecraft,tile.grass,0,Grass Block,net.minecraft.item.ItemBlock,
Minecraft,tile.dirt,0,Dirt,net.minecraft.item.ItemBlock,
Minecraft,tile.stonebrick,0,Cobblestone,net.minecraft.item.ItemBlock,
Minecraft,tile.wood.oak,0,Oak Wood Planks,net.minecraft.item.ItemMultiTextureTile,
Minecraft,tile.wood.spruce,1,Spruce Wood Planks,net.minecraft.item.ItemMultiTextureTile,
Minecraft,tile.wood.birch,2,Birch Wood Planks,net.minecraft.item.ItemMultiTextureTile,
Minecraft,tile.wood.jungle,3,Jungle Wood Planks,net.minecraft.item.ItemMultiTextureTile,
Minecraft,tile.sapling.oak,0,Oak Sapling,net.minecraft.item.ItemMultiTextureTile,
Minecraft,tile.sapling.spruce,1,Spruce Sapling,net.minecraft.item.ItemMultiTextureTile,
Minecraft,tile.sapling.birch,2,Birch Sapling,net.minecraft.item.ItemMultiTextureTile,
Minecraft,tile.sapling.jungle,3,Jungle Sapling,net.minecraft.item.ItemMultiTextureTile,
Minecraft,tile.bedrock,0,Bedrock,net.minecraft.item.ItemBlock,
Minecraft,tile.water,0,Water,net.minecraft.item.ItemBlock,
Minecraft,tile.water,0,Water,net.minecraft.item.ItemBlock,
Minecraft,tile.lava,0,Lava,net.minecraft.item.ItemBlock,
Minecraft,tile.lava,0,Lava,net.minecraft.item.ItemBlock,
Minecraft,tile.sand,0,Sand,net.minecraft.item.ItemBlock,
Minecraft,tile.gravel,0,Gravel,net.minecraft.item.ItemBlock,
Minecraft,tile.oreGold,0,Gold Ore,net.minecraft.item.ItemBlock,
Minecraft,tile.oreIron,0,Iron Ore,net.minecraft.item.ItemBlock,
Minecraft,tile.oreCoal,0,Coal Ore,net.minecraft.item.ItemBlock,
Minecraft,tile.log.oak,0,Oak Wood,net.minecraft.item.ItemMultiTextureTile,
Minecraft,tile.log.spruce,1,Spruce Wood,net.minecraft.item.ItemMultiTextureTile,
Minecraft,tile.log.birch,2,Birch Wood,net.minecraft.item.ItemMultiTextureTile,
Minecraft,tile.log.jungle,3,Jungle Wood,net.minecraft.item.ItemMultiTextureTile,
Minecraft,tile.leaves.oak,0,Oak Leaves,net.minecraft.item.ItemLeaves,
Minecraft,tile.leaves.spruce,1,Spruce Leaves,net.minecraft.item.ItemLeaves,
Minecraft,tile.leaves.birch,2,Birch Leaves,net.minecraft.item.ItemLeaves,
Minecraft,tile.leaves.jungle,3,Jungle Leaves,net.minecraft.item.ItemLeaves,
Minecraft,tile.sponge,0,Sponge,net.minecraft.item.ItemBlock,
Minecraft,tile.glass,0,Glass,net.minecraft.item.ItemBlock,
Minecraft,tile.oreLapis,0,Lapis Lazuli Ore,net.minecraft.item.ItemBlock,
Minecraft,tile.blockLapis,0,Lapis Lazuli Block,net.minecraft.item.ItemBlock,
Minecraft,tile.dispenser,0,Dispenser,net.minecraft.item.ItemBlock,
Minecraft,tile.sandStone.default,0,Sandstone,net.minecraft.item.ItemMultiTextureTile,
Minecraft,tile.sandStone.chiseled,1,Chiseled Sandstone,net.minecraft.item.ItemMultiTextureTile,
Minecraft,tile.sandStone.smooth,2,Smooth Sandstone,net.minecraft.item.ItemMultiTextureTile,
Minecraft,tile.musicBlock,0,Note Block,net.minecraft.item.ItemBlock,
Minecraft,tile.goldenRail,0,Powered Rail,net.minecraft.item.ItemBlock,
Minecraft,tile.detectorRail,0,Detector Rail,net.minecraft.item.ItemBlock,
Minecraft,tile.pistonStickyBase,0,Sticky Piston,net.minecraft.item.ItemPiston,
Minecraft,tile.web,0,Cobweb,net.minecraft.item.ItemBlock,
Minecraft,tile.tallgrass.grass,1,Grass,net.minecraft.item.ItemColored,
Minecraft,tile.tallgrass.fern,2,Fern,net.minecraft.item.ItemColored,
Minecraft,tile.deadbush,0,Dead Bush,net.minecraft.item.ItemBlock,
Minecraft,tile.pistonBase,0,Piston,net.minecraft.item.ItemPiston,
Minecraft,tile.cloth.white,0,Wool,net.minecraft.item.ItemCloth,
Minecraft,tile.cloth.orange,1,Orange Wool,net.minecraft.item.ItemCloth,
Minecraft,tile.cloth.magenta,2,Magenta Wool,net.minecraft.item.ItemCloth,
Minecraft,tile.cloth.lightBlue,3,Light Blue Wool,net.minecraft.item.ItemCloth,
Minecraft,tile.cloth.yellow,4,Yellow Wool,net.minecraft.item.ItemCloth,
Minecraft,tile.cloth.lime,5,Lime Wool,net.minecraft.item.ItemCloth,
Minecraft,tile.cloth.pink,6,Pink Wool,net.minecraft.item.ItemCloth,
Minecraft,tile.cloth.gray,7,Gray Wool,net.minecraft.item.ItemCloth,
Minecraft,tile.cloth.silver,8,Light Gray Wool,net.minecraft.item.ItemCloth,
Minecraft,tile.cloth.cyan,9,Cyan Wool,net.minecraft.item.ItemCloth,
Minecraft,tile.cloth.purple,10,Purple Wool,net.minecraft.item.ItemCloth,
Minecraft,tile.cloth.blue,11,Blue Wool,net.minecraft.item.ItemCloth,
Minecraft,tile.cloth.brown,12,Brown Wool,net.minecraft.item.ItemCloth,
Minecraft,tile.cloth.green,13,Green Wool,net.minecraft.item.ItemCloth,
Minecraft,tile.cloth.red,14,Red Wool,net.minecraft.item.ItemCloth,
Minecraft,tile.cloth.black,15,Black Wool,net.minecraft.item.ItemCloth,
Minecraft,tile.flower,0,Flower,net.minecraft.item.ItemBlock,
Minecraft,tile.rose,0,Rose,net.minecraft.item.ItemBlock,
Minecraft,tile.mushroom,0,Mushroom,net.minecraft.item.ItemBlock,
Minecraft,tile.mushroom,0,Mushroom,net.minecraft.item.ItemBlock,
Minecraft,tile.blockGold,0,Block of Gold,net.minecraft.item.ItemBlock,
Minecraft,tile.blockIron,0,Block of Iron,net.minecraft.item.ItemBlock,
Minecraft,tile.stoneSlab.stone,0,Stone Slab,net.minecraft.item.ItemSlab,
Minecraft,tile.stoneSlab.sand,1,Sandstone Slab,net.minecraft.item.ItemSlab,
Minecraft,tile.stoneSlab.wood,2,Wooden Slab,net.minecraft.item.ItemSlab,
Minecraft,tile.stoneSlab.cobble,3,Cobblestone Slab,net.minecraft.item.ItemSlab,
Minecraft,tile.stoneSlab.brick,4,Bricks Slab,net.minecraft.item.ItemSlab,
Minecraft,tile.stoneSlab.smoothStoneBrick,5,Stone Bricks Slab,net.minecraft.item.ItemSlab,
Minecraft,tile.stoneSlab.netherBrick,6,Nether Brick Slab,net.minecraft.item.ItemSlab,
Minecraft,tile.stoneSlab.quartz,7,Quartz Slab,net.minecraft.item.ItemSlab,
Minecraft,tile.stoneSlab.stone,8,Stone Slab,net.minecraft.item.ItemSlab,
Minecraft,tile.stoneSlab.stone,9,Stone Slab,net.minecraft.item.ItemSlab,
Minecraft,tile.stoneSlab.stone,10,Stone Slab,net.minecraft.item.ItemSlab,
Minecraft,tile.stoneSlab.stone,11,Stone Slab,net.minecraft.item.ItemSlab,
Minecraft,tile.stoneSlab.stone,12,Stone Slab,net.minecraft.item.ItemSlab,
Minecraft,tile.stoneSlab.stone,13,Stone Slab,net.minecraft.item.ItemSlab,
Minecraft,tile.stoneSlab.stone,14,Stone Slab,net.minecraft.item.ItemSlab,
Minecraft,tile.stoneSlab.stone,15,Stone Slab,net.minecraft.item.ItemSlab,
Minecraft,tile.stoneSlab.stone,0,Stone Slab,net.minecraft.item.ItemSlab,
Minecraft,tile.stoneSlab.sand,1,Sandstone Slab,net.minecraft.item.ItemSlab,
Minecraft,tile.stoneSlab.cobble,3,Cobblestone Slab,net.minecraft.item.ItemSlab,
Minecraft,tile.stoneSlab.brick,4,Bricks Slab,net.minecraft.item.ItemSlab,
Minecraft,tile.stoneSlab.smoothStoneBrick,5,Stone Bricks Slab,net.minecraft.item.ItemSlab,
Minecraft,tile.stoneSlab.netherBrick,6,Nether Brick Slab,net.minecraft.item.ItemSlab,
Minecraft,tile.stoneSlab.quartz,7,Quartz Slab,net.minecraft.item.ItemSlab,
Minecraft,tile.brick,0,Bricks,net.minecraft.item.ItemBlock,
Minecraft,tile.tnt,0,TNT,net.minecraft.item.ItemBlock,
Minecraft,tile.bookshelf,0,Bookshelf,net.minecraft.item.ItemBlock,
Minecraft,tile.stoneMoss,0,Moss Stone,net.minecraft.item.ItemBlock,
Minecraft,tile.obsidian,0,Obsidian,net.minecraft.item.ItemBlock,
Minecraft,tile.torch,0,Torch,net.minecraft.item.ItemBlock,
Minecraft,tile.fire,0,Fire,net.minecraft.item.ItemBlock,
Minecraft,tile.mobSpawner,90,Monster Spawner,codechicken.nei.ItemMobSpawner,
Minecraft,tile.mobSpawner,50,Monster Spawner,codechicken.nei.ItemMobSpawner,
Minecraft,tile.mobSpawner,51,Monster Spawner,codechicken.nei.ItemMobSpawner,
Minecraft,tile.mobSpawner,52,Monster Spawner,codechicken.nei.ItemMobSpawner,
Minecraft,tile.mobSpawner,53,Monster Spawner,codechicken.nei.ItemMobSpawner,
Minecraft,tile.mobSpawner,54,Monster Spawner,codechicken.nei.ItemMobSpawner,
Minecraft,tile.mobSpawner,55,Monster Spawner,codechicken.nei.ItemMobSpawner,
Minecraft,tile.mobSpawner,56,Monster Spawner,codechicken.nei.ItemMobSpawner,
Minecraft,tile.mobSpawner,57,Monster Spawner,codechicken.nei.ItemMobSpawner,
Minecraft,tile.mobSpawner,58,Monster Spawner,codechicken.nei.ItemMobSpawner,
Minecraft,tile.mobSpawner,59,Monster Spawner,codechicken.nei.ItemMobSpawner,
Minecraft,tile.mobSpawner,60,Monster Spawner,codechicken.nei.ItemMobSpawner,
Minecraft,tile.mobSpawner,61,Monster Spawner,codechicken.nei.ItemMobSpawner,
Minecraft,tile.mobSpawner,62,Monster Spawner,codechicken.nei.ItemMobSpawner,
Minecraft,tile.mobSpawner,64,Monster Spawner,codechicken.nei.ItemMobSpawner,
Minecraft,tile.mobSpawner,65,Monster Spawner,codechicken.nei.ItemMobSpawner,
Minecraft,tile.mobSpawner,66,Monster Spawner,codechicken.nei.ItemMobSpawner,
Minecraft,tile.mobSpawner,91,Monster Spawner,codechicken.nei.ItemMobSpawner,
Minecraft,tile.mobSpawner,92,Monster Spawner,codechicken.nei.ItemMobSpawner,
Minecraft,tile.mobSpawner,93,Monster Spawner,codechicken.nei.ItemMobSpawner,
Minecraft,tile.mobSpawner,94,Monster Spawner,codechicken.nei.ItemMobSpawner,
Minecraft,tile.mobSpawner,95,Monster Spawner,codechicken.nei.ItemMobSpawner,
Minecraft,tile.mobSpawner,96,Monster Spawner,codechicken.nei.ItemMobSpawner,
Minecraft,tile.mobSpawner,97,Monster Spawner,codechicken.nei.ItemMobSpawner,
Minecraft,tile.mobSpawner,98,Monster Spawner,codechicken.nei.ItemMobSpawner,
Minecraft,tile.mobSpawner,99,Monster Spawner,codechicken.nei.ItemMobSpawner,
Minecraft,tile.mobSpawner,120,Monster Spawner,codechicken.nei.ItemMobSpawner,
Minecraft,tile.stairsWood,0,Oak Wood Stairs,net.minecraft.item.ItemBlock,
Minecraft,tile.chest,0,Chest,net.minecraft.item.ItemBlock,
Minecraft,tile.oreDiamond,0,Diamond Ore,net.minecraft.item.ItemBlock,
Minecraft,tile.blockDiamond,0,Block of Diamond,net.minecraft.item.ItemBlock,
Minecraft,tile.workbench,0,Crafting Table,net.minecraft.item.ItemBlock,
Minecraft,tile.farmland,0,Farmland,net.minecraft.item.ItemBlock,
Minecraft,tile.furnace,0,Furnace,net.minecraft.item.ItemBlock,
Minecraft,tile.ladder,0,Ladder,net.minecraft.item.ItemBlock,
Minecraft,tile.rail,0,Rail,net.minecraft.item.ItemBlock,
Minecraft,tile.stairsStone,0,Stone Stairs,net.minecraft.item.ItemBlock,
Minecraft,tile.lever,0,Lever,net.minecraft.item.ItemBlock,
Minecraft,tile.pressurePlate,0,Pressure Plate,net.minecraft.item.ItemBlock,
Minecraft,tile.pressurePlate,0,Pressure Plate,net.minecraft.item.ItemBlock,
Minecraft,tile.oreRedstone,0,Redstone Ore,net.minecraft.item.ItemBlock,
Minecraft,tile.notGate,0,Redstone Torch,net.minecraft.item.ItemBlock,
Minecraft,tile.button,0,Button,net.minecraft.item.ItemBlock,
Minecraft,tile.snow,0,Snow,net.minecraft.item.ItemSnow,
Minecraft,tile.ice,0,Ice,net.minecraft.item.ItemBlock,
Minecraft,tile.snow,0,Snow,net.minecraft.item.ItemBlock,
Minecraft,tile.cactus,0,Cactus,net.minecraft.item.ItemBlock,
Minecraft,tile.clay,0,Clay,net.minecraft.item.ItemBlock,
Minecraft,tile.jukebox,0,Jukebox,net.minecraft.item.ItemBlock,
Minecraft,tile.fence,0,Fence,net.minecraft.item.ItemBlock,
Minecraft,tile.pumpkin,0,Pumpkin,net.minecraft.item.ItemBlock,
Minecraft,tile.hellrock,0,Netherrack,net.minecraft.item.ItemBlock,
Minecraft,tile.hellsand,0,Soul Sand,net.minecraft.item.ItemBlock,
Minecraft,tile.lightgem,0,Glowstone,net.minecraft.item.ItemBlock,
Minecraft,tile.portal,0,Portal,net.minecraft.item.ItemBlock,
Minecraft,tile.litpumpkin,0,Jack 'o' Lantern,net.minecraft.item.ItemBlock,
Minecraft,tile.cake,0,Cake,net.minecraft.item.ItemBlock,
Minecraft,tile.lockedchest,0,Locked chest,net.minecraft.item.ItemBlock,
Minecraft,tile.trapdoor,0,Trapdoor,net.minecraft.item.ItemBlock,
Minecraft,tile.monsterStoneEgg.stone,0,Stone Monster Egg,net.minecraft.item.ItemMultiTextureTile,
Minecraft,tile.monsterStoneEgg.cobble,1,Cobblestone Monster Egg,net.minecraft.item.ItemMultiTextureTile,
Minecraft,tile.monsterStoneEgg.brick,2,Stone Brick Monster Egg,net.minecraft.item.ItemMultiTextureTile,
Minecraft,tile.stonebricksmooth.default,0,Stone Bricks,net.minecraft.item.ItemMultiTextureTile,
Minecraft,tile.stonebricksmooth.mossy,1,Mossy Stone Bricks,net.minecraft.item.ItemMultiTextureTile,
Minecraft,tile.stonebricksmooth.cracked,2,Cracked Stone Bricks,net.minecraft.item.ItemMultiTextureTile,
Minecraft,tile.stonebricksmooth.chiseled,3,Chiseled Stone Bricks,net.minecraft.item.ItemMultiTextureTile,
Minecraft,tile.mushroom,0,Mushroom,net.minecraft.item.ItemBlock,
Minecraft,tile.mushroom,0,Mushroom,net.minecraft.item.ItemBlock,
Minecraft,tile.fenceIron,0,Iron Bars,net.minecraft.item.ItemBlock,
Minecraft,tile.thinGlass,0,Glass Pane,net.minecraft.item.ItemBlock,
Minecraft,tile.melon,0,Melon,net.minecraft.item.ItemBlock,
Minecraft,tile.vine,0,Vines,net.minecraft.item.ItemColored,
Minecraft,tile.fenceGate,0,Fence Gate,net.minecraft.item.ItemBlock,
Minecraft,tile.stairsBrick,0,Brick Stairs,net.minecraft.item.ItemBlock,
Minecraft,tile.stairsStoneBrickSmooth,0,Stone Brick Stairs,net.minecraft.item.ItemBlock,
Minecraft,tile.mycel,0,Mycelium,net.minecraft.item.ItemBlock,
Minecraft,tile.waterlily,0,Lily Pad,net.minecraft.item.ItemLilyPad,
Minecraft,tile.netherBrick,0,Nether Brick,net.minecraft.item.ItemBlock,
Minecraft,tile.netherFence,0,Nether Brick Fence,net.minecraft.item.ItemBlock,
Minecraft,tile.stairsNetherBrick,0,Nether Brick Stairs,net.minecraft.item.ItemBlock,
Minecraft,tile.enchantmentTable,0,Enchantment Table,net.minecraft.item.ItemBlock,
Minecraft,tile.null,0,,net.minecraft.item.ItemBlock,
Minecraft,tile.endPortalFrame,0,End Portal,net.minecraft.item.ItemBlock,
Minecraft,tile.whiteStone,0,End Stone,net.minecraft.item.ItemBlock,
Minecraft,tile.dragonEgg,0,Dragon Egg,net.minecraft.item.ItemBlock,
Minecraft,tile.redstoneLight,0,Redstone Lamp,net.minecraft.item.ItemBlock,
Minecraft,tile.woodSlab.oak,0,Oak Wood Slab,net.minecraft.item.ItemSlab,
Minecraft,tile.woodSlab.spruce,1,Spruce Wood Slab,net.minecraft.item.ItemSlab,
Minecraft,tile.woodSlab.birch,2,Birch Wood Slab,net.minecraft.item.ItemSlab,
Minecraft,tile.woodSlab.jungle,3,Jungle Wood Slab,net.minecraft.item.ItemSlab,
Minecraft,tile.woodSlab.oak,9,Oak Wood Slab,net.minecraft.item.ItemSlab,
Minecraft,tile.woodSlab.oak,10,Oak Wood Slab,net.minecraft.item.ItemSlab,
Minecraft,tile.woodSlab.oak,11,Oak Wood Slab,net.minecraft.item.ItemSlab,
Minecraft,tile.woodSlab.oak,0,Oak Wood Slab,net.minecraft.item.ItemSlab,
Minecraft,tile.woodSlab.spruce,1,Spruce Wood Slab,net.minecraft.item.ItemSlab,
Minecraft,tile.woodSlab.birch,2,Birch Wood Slab,net.minecraft.item.ItemSlab,
Minecraft,tile.woodSlab.jungle,3,Jungle Wood Slab,net.minecraft.item.ItemSlab,
Minecraft,tile.cocoa,0,Cocoa,net.minecraft.item.ItemBlock,
Minecraft,tile.stairsSandStone,0,Sandstone Stairs,net.minecraft.item.ItemBlock,
Minecraft,tile.oreEmerald,0,Emerald Ore,net.minecraft.item.ItemBlock,
Minecraft,tile.tripWireSource,0,Tripwire Hook,net.minecraft.item.ItemBlock,
Minecraft,tile.blockEmerald,0,Block of Emerald,net.minecraft.item.ItemBlock,
Minecraft,tile.stairsWoodSpruce,0,Spruce Wood Stairs,net.minecraft.item.ItemBlock,
Minecraft,tile.stairsWoodBirch,0,Birch Wood Stairs,net.minecraft.item.ItemBlock,
Minecraft,tile.stairsWoodJungle,0,Jungle Wood Stairs,net.minecraft.item.ItemBlock,
Minecraft,tile.commandBlock,0,Command Block,net.minecraft.item.ItemBlock,
Minecraft,tile.beacon,0,Beacon,net.minecraft.item.ItemBlock,
Minecraft,tile.cobbleWall.normal,0,Cobblestone Wall,net.minecraft.item.ItemMultiTextureTile,
Minecraft,tile.cobbleWall.mossy,1,Mossy Cobblestone Wall,net.minecraft.item.ItemMultiTextureTile,
Minecraft,tile.button,0,Button,net.minecraft.item.ItemBlock,
Minecraft,tile.anvil.intact,0,Anvil,net.minecraft.item.ItemAnvilBlock,
Minecraft,tile.anvil.slightlyDamaged,1,Slightly Damaged Anvil,net.minecraft.item.ItemAnvilBlock,
Minecraft,tile.anvil.veryDamaged,2,Very Damaged Anvil,net.minecraft.item.ItemAnvilBlock,
Minecraft,tile.chestTrap,0,Trapped Chest,net.minecraft.item.ItemBlock,
Minecraft,tile.weightedPlate_light,0,Weighted Pressure Plate (Light),net.minecraft.item.ItemBlock,
Minecraft,tile.weightedPlate_heavy,0,Weighted Pressure Plate (Heavy),net.minecraft.item.ItemBlock,
Minecraft,tile.comparator,0,,net.minecraft.item.ItemBlock,
Minecraft,tile.comparator,0,,net.minecraft.item.ItemBlock,
Minecraft,tile.daylightDetector,0,Daylight Sensor,net.minecraft.item.ItemBlock,
Minecraft,tile.blockRedstone,0,Block of Redstone,net.minecraft.item.ItemBlock,
Minecraft,tile.netherquartz,0,Nether Quartz Ore,net.minecraft.item.ItemBlock,
Minecraft,tile.hopper,0,Hopper,net.minecraft.item.ItemBlock,
Minecraft,tile.quartzBlock.default,0,Block of Quartz,net.minecraft.item.ItemMultiTextureTile,
Minecraft,tile.quartzBlock.chiseled,1,Chiseled Quartz Block,net.minecraft.item.ItemMultiTextureTile,
Minecraft,tile.quartzBlock.lines,2,Pillar Quartz Block,net.minecraft.item.ItemMultiTextureTile,
Minecraft,tile.stairsQuartz,0,Quartz Stairs,net.minecraft.item.ItemBlock,
Minecraft,tile.activatorRail,0,Activator Rail,net.minecraft.item.ItemBlock,
Minecraft,tile.dropper,0,Dropper,net.minecraft.item.ItemBlock,
EnderStorage,tile.enderchest|0,0,Ender Chest,codechicken.enderstorage.common.ItemEnderStorage,
EnderStorage,tile.enderchest|1,4096,Ender Tank,codechicken.enderstorage.common.ItemEnderStorage,
Minecraft,item.shovelIron,0,Iron Shovel,net.minecraft.item.ItemSpade,
Minecraft,item.pickaxeIron,0,Iron Pickaxe,net.minecraft.item.ItemPickaxe,
Minecraft,item.hatchetIron,0,Iron Axe,net.minecraft.item.ItemAxe,
Minecraft,item.flintAndSteel,0,Flint and Steel,net.minecraft.item.ItemFlintAndSteel,
Minecraft,item.apple,0,Apple,net.minecraft.item.ItemFood,
Minecraft,item.bow,0,Bow,net.minecraft.item.ItemBow,
Minecraft,item.arrow,0,Arrow,net.minecraft.item.Item,
Minecraft,item.coal,0,Coal,net.minecraft.item.ItemCoal,
Minecraft,item.charcoal,1,Charcoal,net.minecraft.item.ItemCoal,
Minecraft,item.diamond,0,Diamond,net.minecraft.item.Item,
Minecraft,item.ingotIron,0,Iron Ingot,net.minecraft.item.Item,
Minecraft,item.ingotGold,0,Gold Ingot,net.minecraft.item.Item,
Minecraft,item.swordIron,0,Iron Sword,net.minecraft.item.ItemSword,
Minecraft,item.swordWood,0,Wooden Sword,net.minecraft.item.ItemSword,
Minecraft,item.shovelWood,0,Wooden Shovel,net.minecraft.item.ItemSpade,
Minecraft,item.pickaxeWood,0,Wooden Pickaxe,net.minecraft.item.ItemPickaxe,
Minecraft,item.hatchetWood,0,Wooden Axe,net.minecraft.item.ItemAxe,
Minecraft,item.swordStone,0,Stone Sword,net.minecraft.item.ItemSword,
Minecraft,item.shovelStone,0,Stone Shovel,net.minecraft.item.ItemSpade,
Minecraft,item.pickaxeStone,0,Stone Pickaxe,net.minecraft.item.ItemPickaxe,
Minecraft,item.hatchetStone,0,Stone Axe,net.minecraft.item.ItemAxe,
Minecraft,item.swordDiamond,0,Diamond Sword,net.minecraft.item.ItemSword,
Minecraft,item.shovelDiamond,0,Diamond Shovel,net.minecraft.item.ItemSpade,
Minecraft,item.pickaxeDiamond,0,Diamond Pickaxe,net.minecraft.item.ItemPickaxe,
Minecraft,item.hatchetDiamond,0,Diamond Axe,net.minecraft.item.ItemAxe,
Minecraft,item.stick,0,Stick,net.minecraft.item.Item,
Minecraft,item.bowl,0,Bowl,net.minecraft.item.Item,
Minecraft,item.mushroomStew,0,Mushroom Stew,net.minecraft.item.ItemSoup,
Minecraft,item.swordGold,0,Golden Sword,net.minecraft.item.ItemSword,
Minecraft,item.shovelGold,0,Golden Shovel,net.minecraft.item.ItemSpade,
Minecraft,item.pickaxeGold,0,Golden Pickaxe,net.minecraft.item.ItemPickaxe,
Minecraft,item.hatchetGold,0,Golden Axe,net.minecraft.item.ItemAxe,
Minecraft,item.string,0,String,net.minecraft.item.ItemReed,
Minecraft,item.feather,0,Feather,net.minecraft.item.Item,
Minecraft,item.sulphur,0,Gunpowder,net.minecraft.item.Item,
Minecraft,item.hoeWood,0,Wooden Hoe,net.minecraft.item.ItemHoe,
Minecraft,item.hoeStone,0,Stone Hoe,net.minecraft.item.ItemHoe,
Minecraft,item.hoeIron,0,Iron Hoe,net.minecraft.item.ItemHoe,
Minecraft,item.hoeDiamond,0,Diamond Hoe,net.minecraft.item.ItemHoe,
Minecraft,item.hoeGold,0,Golden Hoe,net.minecraft.item.ItemHoe,
Minecraft,item.seeds,0,Seeds,net.minecraft.item.ItemSeeds,
Minecraft,item.wheat,0,Wheat,net.minecraft.item.Item,
Minecraft,item.bread,0,Bread,net.minecraft.item.ItemFood,
Minecraft,item.helmetCloth,0,Leather Cap,net.minecraft.item.ItemArmor,
Minecraft,item.chestplateCloth,0,Leather Tunic,net.minecraft.item.ItemArmor,
Minecraft,item.leggingsCloth,0,Leather Pants,net.minecraft.item.ItemArmor,
Minecraft,item.bootsCloth,0,Leather Boots,net.minecraft.item.ItemArmor,
Minecraft,item.helmetChain,0,Chain Helmet,net.minecraft.item.ItemArmor,
Minecraft,item.chestplateChain,0,Chain Chestplate,net.minecraft.item.ItemArmor,
Minecraft,item.leggingsChain,0,Chain Leggings,net.minecraft.item.ItemArmor,
Minecraft,item.bootsChain,0,Chain Boots,net.minecraft.item.ItemArmor,
Minecraft,item.helmetIron,0,Iron Helmet,net.minecraft.item.ItemArmor,
Minecraft,item.chestplateIron,0,Iron Chestplate,net.minecraft.item.ItemArmor,
Minecraft,item.leggingsIron,0,Iron Leggings,net.minecraft.item.ItemArmor,
Minecraft,item.bootsIron,0,Iron Boots,net.minecraft.item.ItemArmor,
Minecraft,item.helmetDiamond,0,Diamond Helmet,net.minecraft.item.ItemArmor,
Minecraft,item.chestplateDiamond,0,Diamond Chestplate,net.minecraft.item.ItemArmor,
Minecraft,item.leggingsDiamond,0,Diamond Leggings,net.minecraft.item.ItemArmor,
Minecraft,item.bootsDiamond,0,Diamond Boots,net.minecraft.item.ItemArmor,
Minecraft,item.helmetGold,0,Golden Helmet,net.minecraft.item.ItemArmor,
Minecraft,item.chestplateGold,0,Golden Chestplate,net.minecraft.item.ItemArmor,
Minecraft,item.leggingsGold,0,Golden Leggings,net.minecraft.item.ItemArmor,
Minecraft,item.bootsGold,0,Golden Boots,net.minecraft.item.ItemArmor,
Minecraft,item.flint,0,Flint,net.minecraft.item.Item,
Minecraft,item.porkchopRaw,0,Raw Porkchop,net.minecraft.item.ItemFood,
Minecraft,item.porkchopCooked,0,Cooked Porkchop,net.minecraft.item.ItemFood,
Minecraft,item.painting,0,Painting,net.minecraft.item.ItemHangingEntity,
Minecraft,item.appleGold,0,Golden Apple,net.minecraft.item.ItemAppleGold,
Minecraft,item.sign,0,Sign,net.minecraft.item.ItemSign,
Minecraft,item.doorWood,0,Wooden Door,net.minecraft.item.ItemDoor,
Minecraft,item.bucket,0,Bucket,net.minecraft.item.ItemBucket,
Minecraft,item.bucketWater,0,Water Bucket,net.minecraft.item.ItemBucket,
Minecraft,item.bucketLava,0,Lava Bucket,net.minecraft.item.ItemBucket,
Minecraft,item.minecart,0,Minecart,net.minecraft.item.ItemMinecart,
Minecraft,item.saddle,0,Saddle,net.minecraft.item.ItemSaddle,
Minecraft,item.doorIron,0,Iron Door,net.minecraft.item.ItemDoor,
Minecraft,item.redstone,0,Redstone,net.minecraft.item.ItemRedstone,
Minecraft,item.snowball,0,Snowball,net.minecraft.item.ItemSnowball,
Minecraft,item.boat,0,Boat,net.minecraft.item.ItemBoat,
Minecraft,item.leather,0,Leather,net.minecraft.item.Item,
Minecraft,item.milk,0,Milk,net.minecraft.item.ItemBucketMilk,
Minecraft,item.brick,0,Brick,net.minecraft.item.Item,
Minecraft,item.clay,0,Clay,net.minecraft.item.Item,
Minecraft,item.reeds,0,Sugar Canes,net.minecraft.item.ItemReed,
Minecraft,item.paper,0,Paper,net.minecraft.item.Item,
Minecraft,item.book,0,Book,net.minecraft.item.ItemBook,
Minecraft,item.slimeball,0,Slimeball,net.minecraft.item.Item,
Minecraft,item.minecartChest,0,Minecart with Chest,net.minecraft.item.ItemMinecart,
Minecraft,item.minecartFurnace,0,Minecart with Furnace,net.minecraft.item.ItemMinecart,
Minecraft,item.egg,0,Egg,net.minecraft.item.ItemEgg,
Minecraft,item.compass,0,Compass,net.minecraft.item.Item,
Minecraft,item.fishingRod,0,Fishing Rod,net.minecraft.item.ItemFishingRod,
Minecraft,item.clock,0,Clock,net.minecraft.item.Item,
Minecraft,item.yellowDust,0,Glowstone Dust,net.minecraft.item.Item,
Minecraft,item.fishRaw,0,Raw Fish,net.minecraft.item.ItemFood,
Minecraft,item.fishCooked,0,Cooked Fish,net.minecraft.item.ItemFood,
Minecraft,item.dyePowder.black,0,Ink Sac,net.minecraft.item.ItemDye,
Minecraft,item.dyePowder.red,1,Rose Red,net.minecraft.item.ItemDye,
Minecraft,item.dyePowder.green,2,Cactus Green,net.minecraft.item.ItemDye,
Minecraft,item.dyePowder.brown,3,Cocoa Beans,net.minecraft.item.ItemDye,
Minecraft,item.dyePowder.blue,4,Lapis Lazuli,net.minecraft.item.ItemDye,
Minecraft,item.dyePowder.purple,5,Purple Dye,net.minecraft.item.ItemDye,
Minecraft,item.dyePowder.cyan,6,Cyan Dye,net.minecraft.item.ItemDye,
Minecraft,item.dyePowder.silver,7,Light Gray Dye,net.minecraft.item.ItemDye,
Minecraft,item.dyePowder.gray,8,Gray Dye,net.minecraft.item.ItemDye,
Minecraft,item.dyePowder.pink,9,Pink Dye,net.minecraft.item.ItemDye,
Minecraft,item.dyePowder.lime,10,Lime Dye,net.minecraft.item.ItemDye,
Minecraft,item.dyePowder.yellow,11,Dandelion Yellow,net.minecraft.item.ItemDye,
Minecraft,item.dyePowder.lightBlue,12,Light Blue Dye,net.minecraft.item.ItemDye,
Minecraft,item.dyePowder.magenta,13,Magenta Dye,net.minecraft.item.ItemDye,
Minecraft,item.dyePowder.orange,14,Orange Dye,net.minecraft.item.ItemDye,
Minecraft,item.dyePowder.white,15,Bone Meal,net.minecraft.item.ItemDye,
Minecraft,item.bone,0,Bone,net.minecraft.item.Item,
Minecraft,item.sugar,0,Sugar,net.minecraft.item.Item,
Minecraft,item.cake,0,Cake,net.minecraft.item.ItemReed,
Minecraft,item.bed,0,Bed,net.minecraft.item.ItemBed,
Minecraft,item.diode,0,Redstone Repeater,net.minecraft.item.ItemReed,
Minecraft,item.cookie,0,Cookie,net.minecraft.item.ItemFood,
Minecraft,item.map,0,Map,net.minecraft.item.ItemMap,
Minecraft,item.shears,0,Shears,net.minecraft.item.ItemShears,
Minecraft,item.melon,0,Melon,net.minecraft.item.ItemFood,
Minecraft,item.seeds_pumpkin,0,Pumpkin Seeds,net.minecraft.item.ItemSeeds,
Minecraft,item.seeds_melon,0,Melon Seeds,net.minecraft.item.ItemSeeds,
Minecraft,item.beefRaw,0,Raw Beef,net.minecraft.item.ItemFood,
Minecraft,item.beefCooked,0,Steak,net.minecraft.item.ItemFood,
Minecraft,item.chickenRaw,0,Raw Chicken,net.minecraft.item.ItemFood,
Minecraft,item.chickenCooked,0,Cooked Chicken,net.minecraft.item.ItemFood,
Minecraft,item.rottenFlesh,0,Rotten Flesh,net.minecraft.item.ItemFood,
Minecraft,item.enderPearl,0,Ender Pearl,net.minecraft.item.ItemEnderPearl,
Minecraft,item.blazeRod,0,Blaze Rod,net.minecraft.item.Item,
Minecraft,item.ghastTear,0,Ghast Tear,net.minecraft.item.Item,
Minecraft,item.goldNugget,0,Gold Nugget,net.minecraft.item.Item,
Minecraft,item.netherStalkSeeds,0,Nether Wart,net.minecraft.item.ItemSeeds,
Minecraft,item.potion,0,Water Bottle,net.minecraft.item.ItemPotion,
Minecraft,item.potion,16,Awkward Potion,net.minecraft.item.ItemPotion,
Minecraft,item.potion,32,Thick Potion,net.minecraft.item.ItemPotion,
Minecraft,item.potion,64,Mundane Potion,net.minecraft.item.ItemPotion,
Minecraft,item.potion,8193,Potion of Regeneration,net.minecraft.item.ItemPotion,Potion of Regeneration
Minecraft,item.potion,8194,Potion of Swiftness,net.minecraft.item.ItemPotion,Potion of Swiftness
Minecraft,item.potion,8195,Potion of Fire Resistance,net.minecraft.item.ItemPotion,Potion of Fire Resistance
Minecraft,item.potion,8196,Potion of Poison,net.minecraft.item.ItemPotion,Potion of Poison
Minecraft,item.potion,8197,Potion of Healing,net.minecraft.item.ItemPotion,Potion of Healing
Minecraft,item.potion,8198,Potion of Night Vision,net.minecraft.item.ItemPotion,Potion of Night Vision
Minecraft,item.potion,8200,Potion of Weakness,net.minecraft.item.ItemPotion,Potion of Weakness
Minecraft,item.potion,8201,Potion of Strength,net.minecraft.item.ItemPotion,Potion of Strength
Minecraft,item.potion,8202,Potion of Slowness,net.minecraft.item.ItemPotion,
Minecraft,item.potion,8204,Potion of Harming,net.minecraft.item.ItemPotion,
Minecraft,item.potion,8206,Potion of Invisibility,net.minecraft.item.ItemPotion,
Minecraft,item.potion,8225,Potion of Regeneration,net.minecraft.item.ItemPotion,
Minecraft,item.potion,8226,Potion of Swiftness,net.minecraft.item.ItemPotion,
Minecraft,item.potion,8228,Potion of Poison,net.minecraft.item.ItemPotion,
Minecraft,item.potion,8229,Potion of Healing,net.minecraft.item.ItemPotion,
Minecraft,item.potion,8233,Potion of Strength,net.minecraft.item.ItemPotion,
Minecraft,item.potion,*,Potion of Harming,net.minecraft.item.ItemPotion,This is a generic potion entry
Minecraft,item.potion,8257,Potion of Regeneration,net.minecraft.item.ItemPotion,
Minecraft,item.potion,8258,Potion of Swiftness,net.minecraft.item.ItemPotion,
Minecraft,item.potion,8259,Potion of Fire Resistance,net.minecraft.item.ItemPotion,
Minecraft,item.potion,8260,Potion of Poison,net.minecraft.item.ItemPotion,
Minecraft,item.potion,8262,Potion of Night Vision,net.minecraft.item.ItemPotion,
Minecraft,item.potion,8264,Potion of Weakness,net.minecraft.item.ItemPotion,
Minecraft,item.potion,8265,Potion of Strength,net.minecraft.item.ItemPotion,
Minecraft,item.potion,8266,Potion of Slowness,net.minecraft.item.ItemPotion,
Minecraft,item.potion,8270,Potion of Invisibility,net.minecraft.item.ItemPotion,
Minecraft,item.potion,16384,Mundane Potion,net.minecraft.item.ItemPotion,
Minecraft,item.potion,16385,Splash Potion of Regeneration,net.minecraft.item.ItemPotion,
Minecraft,item.potion,16386,Splash Potion of Swiftness,net.minecraft.item.ItemPotion,
Minecraft,item.potion,16387,Splash Potion of Fire Resistance,net.minecraft.item.ItemPotion,
Minecraft,item.potion,16388,Splash Potion of Poison,net.minecraft.item.ItemPotion,
Minecraft,item.potion,16389,Splash Potion of Healing,net.minecraft.item.ItemPotion,
Minecraft,item.potion,16390,Splash Potion of Night Vision,net.minecraft.item.ItemPotion,
Minecraft,item.potion,16392,Splash Potion of Weakness,net.minecraft.item.ItemPotion,
Minecraft,item.potion,16393,Splash Potion of Strength,net.minecraft.item.ItemPotion,
Minecraft,item.potion,16394,Splash Potion of Slowness,net.minecraft.item.ItemPotion,
Minecraft,item.potion,16396,Splash Potion of Harming,net.minecraft.item.ItemPotion,
Minecraft,item.potion,16398,Splash Potion of Invisibility,net.minecraft.item.ItemPotion,
Minecraft,item.potion,16417,Splash Potion of Regeneration,net.minecraft.item.ItemPotion,
Minecraft,item.potion,16418,Splash Potion of Swiftness,net.minecraft.item.ItemPotion,
Minecraft,item.potion,16420,Splash Potion of Poison,net.minecraft.item.ItemPotion,
Minecraft,item.potion,16421,Splash Potion of Healing,net.minecraft.item.ItemPotion,
Minecraft,item.potion,16425,Splash Potion of Strength,net.minecraft.item.ItemPotion,
Minecraft,item.potion,16428,Splash Potion of Harming,net.minecraft.item.ItemPotion,
Minecraft,item.potion,16449,Splash Potion of Regeneration,net.minecraft.item.ItemPotion,
Minecraft,item.potion,16450,Splash Potion of Swiftness,net.minecraft.item.ItemPotion,
Minecraft,item.potion,16451,Splash Potion of Fire Resistance,net.minecraft.item.ItemPotion,
Minecraft,item.potion,16452,Splash Potion of Poison,net.minecraft.item.ItemPotion,
Minecraft,item.potion,16454,Splash Potion of Night Vision,net.minecraft.item.ItemPotion,
Minecraft,item.potion,16456,Splash Potion of Weakness,net.minecraft.item.ItemPotion,
Minecraft,item.potion,16457,Splash Potion of Strength,net.minecraft.item.ItemPotion,
Minecraft,item.potion,16458,Splash Potion of Slowness,net.minecraft.item.ItemPotion,
Minecraft,item.potion,16462,Splash Potion of Invisibility,net.minecraft.item.ItemPotion,
Minecraft,item.glassBottle,0,Glass Bottle,net.minecraft.item.ItemGlassBottle,
Minecraft,item.spiderEye,0,Spider Eye,net.minecraft.item.ItemFood,
Minecraft,item.fermentedSpiderEye,0,Fermented Spider Eye,net.minecraft.item.Item,
Minecraft,item.blazePowder,0,Blaze Powder,net.minecraft.item.Item,
Minecraft,item.magmaCream,0,Magma Cream,net.minecraft.item.Item,
Minecraft,item.brewingStand,0,Brewing Stand,net.minecraft.item.ItemReed,
Minecraft,item.cauldron,0,Cauldron,net.minecraft.item.ItemReed,
Minecraft,item.eyeOfEnder,0,Eye of Ender,net.minecraft.item.ItemEnderEye,
Minecraft,item.speckledMelon,0,Glistering Melon,net.minecraft.item.Item,
Minecraft,item.monsterPlacer,50,Spawn Creeper,net.minecraft.item.ItemMonsterPlacer,
Minecraft,item.monsterPlacer,51,Spawn Skeleton,net.minecraft.item.ItemMonsterPlacer,
Minecraft,item.monsterPlacer,52,Spawn Spider,net.minecraft.item.ItemMonsterPlacer,
Minecraft,item.monsterPlacer,54,Spawn Zombie,net.minecraft.item.ItemMonsterPlacer,
Minecraft,item.monsterPlacer,55,Spawn Slime,net.minecraft.item.ItemMonsterPlacer,
Minecraft,item.monsterPlacer,56,Spawn Ghast,net.minecraft.item.ItemMonsterPlacer,
Minecraft,item.monsterPlacer,57,Spawn Zombie Pigman,net.minecraft.item.ItemMonsterPlacer,
Minecraft,item.monsterPlacer,58,Spawn Enderman,net.minecraft.item.ItemMonsterPlacer,
Minecraft,item.monsterPlacer,59,Spawn Cave Spider,net.minecraft.item.ItemMonsterPlacer,
Minecraft,item.monsterPlacer,60,Spawn Silverfish,net.minecraft.item.ItemMonsterPlacer,
Minecraft,item.monsterPlacer,61,Spawn Blaze,net.minecraft.item.ItemMonsterPlacer,
Minecraft,item.monsterPlacer,62,Spawn Magma Cube,net.minecraft.item.ItemMonsterPlacer,
Minecraft,item.monsterPlacer,65,Spawn Bat,net.minecraft.item.ItemMonsterPlacer,
Minecraft,item.monsterPlacer,66,Spawn Witch,net.minecraft.item.ItemMonsterPlacer,
Minecraft,item.monsterPlacer,90,Spawn Pig,net.minecraft.item.ItemMonsterPlacer,
Minecraft,item.monsterPlacer,91,Spawn Sheep,net.minecraft.item.ItemMonsterPlacer,
Minecraft,item.monsterPlacer,92,Spawn Cow,net.minecraft.item.ItemMonsterPlacer,
Minecraft,item.monsterPlacer,93,Spawn Chicken,net.minecraft.item.ItemMonsterPlacer,
Minecraft,item.monsterPlacer,94,Spawn Squid,net.minecraft.item.ItemMonsterPlacer,
Minecraft,item.monsterPlacer,95,Spawn Wolf,net.minecraft.item.ItemMonsterPlacer,
Minecraft,item.monsterPlacer,96,Spawn Mooshroom,net.minecraft.item.ItemMonsterPlacer,
Minecraft,item.monsterPlacer,97,Spawn Snow Golem,net.minecraft.item.ItemMonsterPlacer,
Minecraft,item.monsterPlacer,98,Spawn Ocelot,net.minecraft.item.ItemMonsterPlacer,
Minecraft,item.monsterPlacer,99,Spawn Iron Golem,net.minecraft.item.ItemMonsterPlacer,
Minecraft,item.monsterPlacer,120,Spawn Villager,net.minecraft.item.ItemMonsterPlacer,
Minecraft,item.expBottle,0,Bottle o' Enchanting,net.minecraft.item.ItemExpBottle,
Minecraft,item.fireball,0,Fire Charge,net.minecraft.item.ItemFireball,
Minecraft,item.writingBook,0,Book and Quill,net.minecraft.item.ItemWritableBook,
Minecraft,item.writtenBook,0,Written Book,net.minecraft.item.ItemEditableBook,
Minecraft,item.emerald,0,Emerald,net.minecraft.item.Item,
Minecraft,item.frame,0,Item Frame,net.minecraft.item.ItemHangingEntity,
Minecraft,item.flowerPot,0,Flower Pot,net.minecraft.item.ItemReed,
Minecraft,item.carrots,0,Carrot,net.minecraft.item.ItemSeedFood,
Minecraft,item.potato,0,Potato,net.minecraft.item.ItemSeedFood,
Minecraft,item.potatoBaked,0,Baked Potato,net.minecraft.item.ItemFood,
Minecraft,item.potatoPoisonous,0,Poisonous Potato,net.minecraft.item.ItemFood,
Minecraft,item.emptyMap,0,Empty Map,net.minecraft.item.ItemEmptyMap,
Minecraft,item.carrotGolden,0,Golden Carrot,net.minecraft.item.ItemFood,
Minecraft,item.skull.skeleton,0,Skeleton Skull,net.minecraft.item.ItemSkull,
Minecraft,item.skull.wither,1,Wither Skeleton Skull,net.minecraft.item.ItemSkull,
Minecraft,item.skull.zombie,2,Zombie Head,net.minecraft.item.ItemSkull,
Minecraft,item.skull.char,3,Head,net.minecraft.item.ItemSkull,
Minecraft,item.skull.creeper,4,Creeper Head,net.minecraft.item.ItemSkull,
Minecraft,item.carrotOnAStick,0,Carrot on a Stick,net.minecraft.item.ItemCarrotOnAStick,
Minecraft,item.netherStar,0,Nether Star,net.minecraft.item.ItemSimpleFoiled,
Minecraft,item.pumpkinPie,0,Pumpkin Pie,net.minecraft.item.ItemFood,
Minecraft,item.fireworks,0,Firework Rocket,net.minecraft.item.ItemFirework,
Minecraft,item.fireworksCharge,0,Firework Star,net.minecraft.item.ItemFireworkCharge,
Minecraft,item.enchantedBook,0,Enchanted Book,net.minecraft.item.ItemEnchantedBook,
Minecraft,item.comparator,0,Redstone Comparator,net.minecraft.item.ItemReed,
Minecraft,item.netherbrick,0,Nether Brick,net.minecraft.item.Item,
Minecraft,item.netherquartz,0,Nether Quartz,net.minecraft.item.Item,
Minecraft,item.minecartTnt,0,Minecart with TNT,net.minecraft.item.ItemMinecart,
Minecraft,item.minecartHopper,0,Minecart with Hopper,net.minecraft.item.ItemMinecart,
BuildCraft|Factory,tile.miningWellBlock,0,Mining Well,buildcraft.core.ItemBlockBuildCraft,
BuildCraft|Factory,tile.plainPipeBlock,0,Mining Pipe,buildcraft.core.ItemBlockBuildCraft,
BuildCraft|Factory,tile.autoWorkbenchBlock,0,Autocrafting Table,buildcraft.core.ItemBlockBuildCraft,
BuildCraft|Factory,tile.machineBlock,0,Quarry,buildcraft.core.ItemBlockBuildCraft,
BuildCraft|Builders,tile.markerBlock,0,Land Mark,buildcraft.core.ItemBlockBuildCraft,
BuildCraft|Builders,tile.fillerBlock,0,Filler,buildcraft.core.ItemBlockBuildCraft,
BuildCraft|Builders,tile.builderBlock,0,Builder,buildcraft.core.ItemBlockBuildCraft,
BuildCraft|Builders,tile.architectBlock,0,Architect Table,buildcraft.core.ItemBlockBuildCraft,
BuildCraft|Factory,tile.frameBlock,0,Frame,buildcraft.core.ItemBlockBuildCraft,
BuildCraft|Energy,tile.engineWood,0,Redstone Engine,buildcraft.energy.ItemEngine,
BuildCraft|Energy,tile.engineStone,1,Stirling Engine,buildcraft.energy.ItemEngine,
BuildCraft|Energy,tile.engineIron,2,Combustion Engine,buildcraft.energy.ItemEngine,
BuildCraft|Factory,tile.pumpBlock,0,Pump,buildcraft.core.ItemBlockBuildCraft,
BuildCraft|Factory,tile.tankBlock,0,Tank,buildcraft.core.ItemBlockBuildCraft,
BuildCraft|Transport,tile.null,0,,net.minecraft.item.ItemBlock,
BuildCraft|Factory,tile.refineryBlock,0,Refinery,buildcraft.core.ItemBlockBuildCraft,
BuildCraft|Builders,tile.libraryBlock,0,Blueprint Library,buildcraft.core.ItemBlockBuildCraft,
BuildCraft|Silicon,tile.laserBlock,0,Laser,buildcraft.core.ItemBlockBuildCraft,
BuildCraft|Silicon,block.assemblyTableBlock,0,Assembly Table,buildcraft.silicon.ItemLaserTable,
BuildCraft|Silicon,block.assemblyWorkbenchBlock,1,Advanced Crafting Table,buildcraft.silicon.ItemLaserTable,
BuildCraft|Builders,tile.pathMarkerBlock,0,Path Marker,buildcraft.core.ItemBlockBuildCraft,
BuildCraft|Factory,tile.blockHopper,0,Chute,buildcraft.core.ItemBlockBuildCraft,
BuildCraft|Energy,tile.oilMoving,0,Oil,buildcraft.core.ItemBlockBuildCraft,
BuildCraft|Energy,tile.oilStill,0,Oil,buildcraft.core.ItemBlockBuildCraft,
BuildCraft|Core,tile.spring.water,0,Water Spring,buildcraft.core.ItemSpring,
BuildCraft|Core,tile.spring.oil,1,Oil Spring,buildcraft.core.ItemSpring,
Minecraft,item.record,0,Music Disc,net.minecraft.item.ItemRecord,
Minecraft,item.record,0,Music Disc,net.minecraft.item.ItemRecord,
Minecraft,item.record,0,Music Disc,net.minecraft.item.ItemRecord,
Minecraft,item.record,0,Music Disc,net.minecraft.item.ItemRecord,
Minecraft,item.record,0,Music Disc,net.minecraft.item.ItemRecord,
Minecraft,item.record,0,Music Disc,net.minecraft.item.ItemRecord,
Minecraft,item.record,0,Music Disc,net.minecraft.item.ItemRecord,
Minecraft,item.record,0,Music Disc,net.minecraft.item.ItemRecord,
Minecraft,item.record,0,Music Disc,net.minecraft.item.ItemRecord,
Minecraft,item.record,0,Music Disc,net.minecraft.item.ItemRecord,
Minecraft,item.record,0,Music Disc,net.minecraft.item.ItemRecord,
Minecraft,item.record,0,Music Disc,net.minecraft.item.ItemRecord,
EnderStorage,item.enderpouch,0,Ender Pouch,codechicken.enderstorage.storage.item.ItemEnderPouch,
BuildCraft|Core,item.woodenGearItem,0,Wood Gear,buildcraft.core.ItemBuildCraft,
BuildCraft|Core,item.stoneGearItem,0,Stone Gear,buildcraft.core.ItemBuildCraft,
BuildCraft|Core,item.ironGearItem,0,Iron Gear,buildcraft.core.ItemBuildCraft,
BuildCraft|Core,item.goldGearItem,0,Gold Gear,buildcraft.core.ItemBuildCraft,
BuildCraft|Core,item.diamondGearItem,0,Diamond Gear,buildcraft.core.ItemBuildCraft,
BuildCraft|Builders,item.templateItem,0,Template,buildcraft.builders.ItemBptTemplate,
BuildCraft|Core,item.wrenchItem,0,Wrench,buildcraft.core.ItemWrench,
BuildCraft|Energy,item.bucketOil,0,Oil Bucket,buildcraft.energy.ItemBucketOil,
BuildCraft|Energy,item.fuel,0,Fuel,buildcraft.core.ItemBuildCraft,
BuildCraft|Transport,item.pipeWaterproof,0,Pipe Waterproof,buildcraft.core.ItemBuildCraft,
BuildCraft|Energy,item.bucketFuel,0,Fuel Bucket,buildcraft.core.ItemBuildCraft,
BuildCraft|Transport,item.pipeGate.0,0,Gate,buildcraft.transport.ItemGate,
BuildCraft|Transport,item.pipeGate.1,1,Iron AND Gate,buildcraft.transport.ItemGate,
BuildCraft|Transport,item.pipeGate.2,2,Iron OR Gate,buildcraft.transport.ItemGate,
BuildCraft|Transport,item.pipeGate.3,3,Gold AND Gate,buildcraft.transport.ItemGate,
BuildCraft|Transport,item.pipeGate.4,4,Gold OR Gate,buildcraft.transport.ItemGate,
BuildCraft|Transport,item.pipeGate.5,5,Diamond AND Gate,buildcraft.transport.ItemGate,
BuildCraft|Transport,item.pipeGate.6,6,Diamond OR Gate,buildcraft.transport.ItemGate,
BuildCraft|Transport,item.redPipeWire,0,Red Pipe Wire,buildcraft.core.ItemBuildCraft,
BuildCraft|Transport,item.bluePipeWire,0,Blue Pipe Wire,buildcraft.core.ItemBuildCraft,
BuildCraft|Transport,item.greenPipeWire,0,Green Pipe Wire,buildcraft.core.ItemBuildCraft,
BuildCraft|Transport,item.yellowPipeWire,0,Yellow Pipe Wire,buildcraft.core.ItemBuildCraft,
BuildCraft|Silicon,item.redstoneChipset.0,0,Redstone Chipset,buildcraft.core.ItemRedstoneChipset,
BuildCraft|Silicon,item.redstoneChipset.1,1,Redstone Iron Chipset,buildcraft.core.ItemRedstoneChipset,
BuildCraft|Silicon,item.redstoneChipset.2,2,Redstone Golden Chipset,buildcraft.core.ItemRedstoneChipset,
BuildCraft|Silicon,item.redstoneChipset.3,3,Redstone Diamond Chipset,buildcraft.core.ItemRedstoneChipset,
BuildCraft|Silicon,item.redstoneChipset.4,4,Pulsating Chipset,buildcraft.core.ItemRedstoneChipset,
BuildCraft|Builders,item.blueprintItem,0,Blueprint,buildcraft.builders.ItemBptBluePrint,
BuildCraft|Transport,item.pipeGateAutarchic.0,0,Autarchic Gate,buildcraft.transport.ItemGate,
BuildCraft|Transport,item.pipeGateAutarchic.1,1,Autarchic Iron AND Gate,buildcraft.transport.ItemGate,
BuildCraft|Transport,item.pipeGateAutarchic.2,2,Autarchic Iron OR Gate,buildcraft.transport.ItemGate,
BuildCraft|Transport,item.pipeGateAutarchic.3,3,Autarchic Gold AND Gate,buildcraft.transport.ItemGate,
BuildCraft|Transport,item.pipeGateAutarchic.4,4,Autarchic Gold OR Gate,buildcraft.transport.ItemGate,
BuildCraft|Transport,item.pipeGateAutarchic.5,5,Autarchic Diamond AND Gate,buildcraft.transport.ItemGate,
BuildCraft|Transport,item.pipeGateAutarchic.6,6,Autarchic Diamond OR Gate,buildcraft.transport.ItemGate,
BuildCraft|Transport,item.Facade,16,Facade: Stone,buildcraft.transport.ItemFacade,
BuildCraft|Transport,item.Facade,48,Facade: Dirt,buildcraft.transport.ItemFacade,
BuildCraft|Transport,item.Facade,64,Facade: Cobblestone,buildcraft.transport.ItemFacade,
BuildCraft|Transport,item.Facade,80,Facade: Oak Wood Planks,buildcraft.transport.ItemFacade,
BuildCraft|Transport,item.Facade,81,Facade: Spruce Wood Planks,buildcraft.transport.ItemFacade,
BuildCraft|Transport,item.Facade,82,Facade: Birch Wood Planks,buildcraft.transport.ItemFacade,
BuildCraft|Transport,item.Facade,83,Facade: Jungle Wood Planks,buildcraft.transport.ItemFacade,
BuildCraft|Transport,item.Facade,192,Facade: Sand,buildcraft.transport.ItemFacade,
BuildCraft|Transport,item.Facade,208,Facade: Gravel,buildcraft.transport.ItemFacade,
BuildCraft|Transport,item.Facade,224,Facade: Gold Ore,buildcraft.transport.ItemFacade,
BuildCraft|Transport,item.Facade,240,Facade: Iron Ore,buildcraft.transport.ItemFacade,
BuildCraft|Transport,item.Facade,256,Facade: Coal Ore,buildcraft.transport.ItemFacade,
BuildCraft|Transport,item.Facade,272,Facade: Oak Wood,buildcraft.transport.ItemFacade,
BuildCraft|Transport,item.Facade,273,Facade: Spruce Wood,buildcraft.transport.ItemFacade,
BuildCraft|Transport,item.Facade,274,Facade: Birch Wood,buildcraft.transport.ItemFacade,
BuildCraft|Transport,item.Facade,275,Facade: Jungle Wood,buildcraft.transport.ItemFacade,
BuildCraft|Transport,item.Facade,320,Facade: Glass,buildcraft.transport.ItemFacade,
BuildCraft|Transport,item.Facade,336,Facade: Lapis Lazuli Ore,buildcraft.transport.ItemFacade,
BuildCraft|Transport,item.Facade,352,Facade: Lapis Lazuli Block,buildcraft.transport.ItemFacade,
BuildCraft|Transport,item.Facade,384,Facade: Sandstone,buildcraft.transport.ItemFacade,
BuildCraft|Transport,item.Facade,385,Facade: Chiseled Sandstone,buildcraft.transport.ItemFacade,
BuildCraft|Transport,item.Facade,386,Facade: Smooth Sandstone,buildcraft.transport.ItemFacade,
BuildCraft|Transport,item.Facade,560,Facade: Wool,buildcraft.transport.ItemFacade,
BuildCraft|Transport,item.Facade,561,Facade: Orange Wool,buildcraft.transport.ItemFacade,
BuildCraft|Transport,item.Facade,562,Facade: Magenta Wool,buildcraft.transport.ItemFacade,
BuildCraft|Transport,item.Facade,563,Facade: Light Blue Wool,buildcraft.transport.ItemFacade,
BuildCraft|Transport,item.Facade,564,Facade: Yellow Wool,buildcraft.transport.ItemFacade,
BuildCraft|Transport,item.Facade,565,Facade: Lime Wool,buildcraft.transport.ItemFacade,
BuildCraft|Transport,item.Facade,566,Facade: Pink Wool,buildcraft.transport.ItemFacade,
BuildCraft|Transport,item.Facade,567,Facade: Gray Wool,buildcraft.transport.ItemFacade,
BuildCraft|Transport,item.Facade,568,Facade: Light Gray Wool,buildcraft.transport.ItemFacade,
BuildCraft|Transport,item.Facade,569,Facade: Cyan Wool,buildcraft.transport.ItemFacade,
BuildCraft|Transport,item.Facade,570,Facade: Purple Wool,buildcraft.transport.ItemFacade,
BuildCraft|Transport,item.Facade,571,Facade: Blue Wool,buildcraft.transport.ItemFacade,
BuildCraft|Transport,item.Facade,572,Facade: Brown Wool,buildcraft.transport.ItemFacade,
BuildCraft|Transport,item.Facade,573,Facade: Green Wool,buildcraft.transport.ItemFacade,
BuildCraft|Transport,item.Facade,574,Facade: Red Wool,buildcraft.transport.ItemFacade,
BuildCraft|Transport,item.Facade,575,Facade: Black Wool,buildcraft.transport.ItemFacade,
BuildCraft|Transport,item.Facade,656,Facade: Block of Gold,buildcraft.transport.ItemFacade,
BuildCraft|Transport,item.Facade,672,Facade: Block of Iron,buildcraft.transport.ItemFacade,
BuildCraft|Transport,item.Facade,688,Facade: Stone Slab,buildcraft.transport.ItemFacade,
BuildCraft|Transport,item.Facade,689,Facade: Sandstone Slab,buildcraft.transport.ItemFacade,
BuildCraft|Transport,item.Facade,690,Facade: Wooden Slab,buildcraft.transport.ItemFacade,
BuildCraft|Transport,item.Facade,691,Facade: Cobblestone Slab,buildcraft.transport.ItemFacade,
BuildCraft|Transport,item.Facade,692,Facade: Bricks Slab,buildcraft.transport.ItemFacade,
BuildCraft|Transport,item.Facade,693,Facade: Stone Bricks Slab,buildcraft.transport.ItemFacade,
BuildCraft|Transport,item.Facade,694,Facade: Nether Brick Slab,buildcraft.transport.ItemFacade,
BuildCraft|Transport,item.Facade,695,Facade: Quartz Slab,buildcraft.transport.ItemFacade,
BuildCraft|Transport,item.Facade,720,Facade: Bricks,buildcraft.transport.ItemFacade,
BuildCraft|Transport,item.Facade,736,Facade: TNT,buildcraft.transport.ItemFacade,
BuildCraft|Transport,item.Facade,752,Facade: Bookshelf,buildcraft.transport.ItemFacade,
BuildCraft|Transport,item.Facade,768,Facade: Moss Stone,buildcraft.transport.ItemFacade,
BuildCraft|Transport,item.Facade,784,Facade: Obsidian,buildcraft.transport.ItemFacade,
BuildCraft|Transport,item.Facade,896,Facade: Diamond Ore,buildcraft.transport.ItemFacade,
BuildCraft|Transport,item.Facade,912,Facade: Block of Diamond,buildcraft.transport.ItemFacade,
BuildCraft|Transport,item.Facade,928,Facade: Crafting Table,buildcraft.transport.ItemFacade,
BuildCraft|Transport,item.Facade,1168,Facade: Redstone Ore,buildcraft.transport.ItemFacade,
BuildCraft|Transport,item.Facade,1280,Facade: Snow,buildcraft.transport.ItemFacade,
BuildCraft|Transport,item.Facade,1312,Facade: Clay,buildcraft.transport.ItemFacade,
BuildCraft|Transport,item.Facade,1376,Facade: Pumpkin,buildcraft.transport.ItemFacade,
BuildCraft|Transport,item.Facade,1392,Facade: Netherrack,buildcraft.transport.ItemFacade,
BuildCraft|Transport,item.Facade,1408,Facade: Soul Sand,buildcraft.transport.ItemFacade,
BuildCraft|Transport,item.Facade,1424,Facade: Glowstone,buildcraft.transport.ItemFacade,
BuildCraft|Transport,item.Facade,1456,Facade: Jack 'o' Lantern,buildcraft.transport.ItemFacade,
BuildCraft|Transport,item.Facade,1552,Facade: Stone Monster Egg,buildcraft.transport.ItemFacade,
BuildCraft|Transport,item.Facade,1553,Facade: Cobblestone Monster Egg,buildcraft.transport.ItemFacade,
BuildCraft|Transport,item.Facade,1554,Facade: Stone Brick Monster Egg,buildcraft.transport.ItemFacade,
BuildCraft|Transport,item.Facade,1568,Facade: Stone Bricks,buildcraft.transport.ItemFacade,
BuildCraft|Transport,item.Facade,1569,Facade: Mossy Stone Bricks,buildcraft.transport.ItemFacade,
BuildCraft|Transport,item.Facade,1570,Facade: Cracked Stone Bricks,buildcraft.transport.ItemFacade,
BuildCraft|Transport,item.Facade,1571,Facade: Chiseled Stone Bricks,buildcraft.transport.ItemFacade,
BuildCraft|Transport,item.Facade,1584,Facade: Mushroom,buildcraft.transport.ItemFacade,
BuildCraft|Transport,item.Facade,1648,Facade: Melon,buildcraft.transport.ItemFacade,
BuildCraft|Transport,item.Facade,1760,Facade: Mycelium,buildcraft.transport.ItemFacade,
BuildCraft|Transport,item.Facade,1792,Facade: Nether Brick,buildcraft.transport.ItemFacade,
BuildCraft|Transport,item.Facade,1936,Facade: End Stone,buildcraft.transport.ItemFacade,
BuildCraft|Transport,item.Facade,1968,Facade: Redstone Lamp,buildcraft.transport.ItemFacade,
BuildCraft|Transport,item.Facade,2000,Facade: Oak Wood Slab,buildcraft.transport.ItemFacade,
BuildCraft|Transport,item.Facade,2001,Facade: Spruce Wood Slab,buildcraft.transport.ItemFacade,
BuildCraft|Transport,item.Facade,2002,Facade: Birch Wood Slab,buildcraft.transport.ItemFacade,
BuildCraft|Transport,item.Facade,2003,Facade: Jungle Wood Slab,buildcraft.transport.ItemFacade,
BuildCraft|Transport,item.Facade,2064,Facade: Emerald Ore,buildcraft.transport.ItemFacade,
BuildCraft|Transport,item.Facade,2128,Facade: Block of Emerald,buildcraft.transport.ItemFacade,
BuildCraft|Transport,item.Facade,2432,Facade: Block of Redstone,buildcraft.transport.ItemFacade,
BuildCraft|Transport,item.Facade,2448,Facade: Nether Quartz Ore,buildcraft.transport.ItemFacade,
BuildCraft|Transport,item.Facade,2480,Facade: Block of Quartz,buildcraft.transport.ItemFacade,
BuildCraft|Transport,item.Facade,2481,Facade: Chiseled Quartz Block,buildcraft.transport.ItemFacade,
BuildCraft|Transport,item.Facade,2482,Facade: Pillar Quartz Block,buildcraft.transport.ItemFacade,
BuildCraft|Transport,item.PipePlug,0,Pipe Plug,buildcraft.transport.ItemPlug,
BuildCraft|Transport,item.PipeItemsWood,0,Wooden Transport Pipe,buildcraft.transport.ItemPipe,
BuildCraft|Transport,item.PipeItemsCobblestone,0,Cobblestone Transport Pipe,buildcraft.transport.ItemPipe,
BuildCraft|Transport,item.PipeItemsStone,0,Stone Transport Pipe,buildcraft.transport.ItemPipe,
BuildCraft|Transport,item.PipeItemsIron,0,Iron Transport Pipe,buildcraft.transport.ItemPipe,
BuildCraft|Transport,item.PipeItemsGold,0,Golden Transport Pipe,buildcraft.transport.ItemPipe,
BuildCraft|Transport,item.PipeItemsDiamond,0,Diamond Transport Pipe,buildcraft.transport.ItemPipe,
BuildCraft|Transport,item.PipeItemsObsidian,0,Obsidian Transport Pipe,buildcraft.transport.ItemPipe,
BuildCraft|Transport,item.PipeItemsEmerald,0,Emerald Transport Pipe,buildcraft.transport.ItemPipe,
BuildCraft|Transport,item.PipeLiquidsWood,0,Wooden Waterproof Pipe,buildcraft.transport.ItemPipe,
BuildCraft|Transport,item.PipeLiquidsCobblestone,0,Cobblestone Waterproof Pipe,buildcraft.transport.ItemPipe,
BuildCraft|Transport,item.PipeLiquidsStone,0,Stone Waterproof Pipe,buildcraft.transport.ItemPipe,
BuildCraft|Transport,item.PipeLiquidsIron,0,Iron Waterproof Pipe,buildcraft.transport.ItemPipe,
BuildCraft|Transport,item.PipeLiquidsGold,0,Golden Waterproof Pipe,buildcraft.transport.ItemPipe,
BuildCraft|Transport,item.PipeLiquidsEmerald,0,Emerald Waterproof Pipe,buildcraft.transport.ItemPipe,
BuildCraft|Transport,item.PipePowerWood,0,Wooden Conductive Pipe,buildcraft.transport.ItemPipe,
BuildCraft|Transport,item.PipePowerStone,0,Stone Conductive Pipe,buildcraft.transport.ItemPipe,
BuildCraft|Transport,item.PipePowerGold,0,Golden Conductive Pipe,buildcraft.transport.ItemPipe,
BuildCraft|Transport,item.PipeItemsVoid,0,Void Transport Pipe,buildcraft.transport.ItemPipe,
BuildCraft|Transport,item.PipeLiquidsVoid,0,Void Waterproof Pipe,buildcraft.transport.ItemPipe,
BuildCraft|Transport,item.PipeItemsSandstone,0,Sandstone Transport Pipe,buildcraft.transport.ItemPipe,
BuildCraft|Transport,item.PipeLiquidsSandstone,0,Sandstone Waterproof Pipe,buildcraft.transport.ItemPipe,
BuildCraft|Transport,item.PipeStructureCobblestone,0,Cobblestone Structure Pipe,buildcraft.transport.ItemPipe,
